variant,delay_trading_days,holding_days,year,months,total_return,sharpe,mdd
frr1_basic_deleveraging,1,10,2024,10,0.1250745057421656,0.6236667898521965,-0.17052737229277415
frr1_basic_deleveraging,1,10,2025,11,-0.013665155535716234,0.05229708885674662,-0.2203233999059152
frr1_basic_deleveraging,1,15,2024,10,0.07574433864661567,0.4116986192285954,-0.2317526868700882
frr1_basic_deleveraging,1,15,2025,11,0.18714748625647815,0.6015323696792413,-0.27708387516620003
frr1_basic_deleveraging,1,20,2024,10,0.2774821915436805,1.1505339839539739,-0.16310995636633452
frr1_basic_deleveraging,1,20,2025,11,1.0304918658951463,1.5959994170705205,-0.18685019351385246
frr1_basic_deleveraging,2,10,2024,10,0.036245990773001946,0.2799981957626767,-0.21335411919111014
frr1_basic_deleveraging,2,10,2025,11,0.23279850581645678,0.9008507250003907,-0.15131606119846142
frr1_basic_deleveraging,2,15,2024,10,-0.033579893126357785,0.029815403231333568,-0.23303056324125904
frr1_basic_deleveraging,2,15,2025,11,0.2277115593890977,0.6620943802932242,-0.21599449540287607
frr1_basic_deleveraging,2,20,2024,10,0.11392461936333564,0.5331541576287255,-0.21247733150199255
frr1_basic_deleveraging,2,20,2025,11,1.313555703014996,1.7311403527784164,-0.19950742724849369
frr1_basic_deleveraging,3,10,2024,10,0.30305170128877856,1.1750031384290003,-0.10614980447698397
frr1_basic_deleveraging,3,10,2025,11,0.17722595615402703,0.7049947449625656,-0.15181966262456703
frr1_basic_deleveraging,3,15,2024,10,0.04400660923526023,0.3094656658076937,-0.25390804647929754
frr1_basic_deleveraging,3,15,2025,11,0.14722305155737114,0.5330980887798132,-0.18860078263652502
frr1_basic_deleveraging,3,20,2024,10,0.3138075637733566,0.9240192204828686,-0.2225168155560323
frr1_basic_deleveraging,3,20,2025,11,1.1675351954440272,1.8417690431712448,-0.1318340212055844
frr2_no_catch_falling_knife,1,10,2024,10,0.20097459683282914,0.927727544408467,-0.13860237794977892
frr2_no_catch_falling_knife,1,10,2025,11,0.07090253919931855,0.40075862889644565,-0.20134390602484487
frr2_no_catch_falling_knife,1,15,2024,10,-0.12332843317725306,-0.33503357283166213,-0.27131264187399773
frr2_no_catch_falling_knife,1,15,2025,11,0.1482436404634575,0.5172689850746487,-0.27708387516620014
frr2_no_catch_falling_knife,1,20,2024,10,0.15882190088084802,0.7638813644043772,-0.1631099563663344
frr2_no_catch_falling_knife,1,20,2025,11,0.6426757095501754,1.205466563807287,-0.16556655240670115
frr2_no_catch_falling_knife,2,10,2024,10,0.07534636584558085,0.44828722200879423,-0.20749829720965662
frr2_no_catch_falling_knife,2,10,2025,11,0.3259499686211522,1.1778623054656285,-0.15131606119846142
frr2_no_catch_falling_knife,2,15,2024,10,-0.21343911590807618,-1.0434518032412345,-0.2994600128443953
frr2_no_catch_falling_knife,2,15,2025,11,0.2211941447206176,0.6525622255458965,-0.21599449540287596
frr2_no_catch_falling_knife,2,20,2024,10,0.043151636344301414,0.2959062918996317,-0.21789732072406298
frr2_no_catch_falling_knife,2,20,2025,11,0.8691227064897615,1.3650880334524995,-0.18993421779581743
frr2_no_catch_falling_knife,3,10,2024,10,0.38274602429962856,1.488016753161494,-0.10614980447698374
frr2_no_catch_falling_knife,3,10,2025,11,0.2924007188506772,1.0673097006024204,-0.15181966262456692
frr2_no_catch_falling_knife,3,15,2024,10,-0.0769547087627791,-0.203271359486922,-0.2554679898531468
frr2_no_catch_falling_knife,3,15,2025,11,0.13358401582521662,0.5022744410163054,-0.1682781580817716
frr2_no_catch_falling_knife,3,20,2024,10,0.25597596717310567,0.8154723919413028,-0.17747551862852917
frr2_no_catch_falling_knife,3,20,2025,11,0.8515726468068752,1.5451468300690783,-0.11735420641155114
frr3_volume_absorption,1,10,2024,10,0.04985526704946608,0.5355551192863014,-0.07779580738696146
frr3_volume_absorption,1,10,2025,11,-0.018035340873779226,0.04712713436905675,-0.22939743045483285
frr3_volume_absorption,1,15,2024,10,0.2740332058146513,1.6772205106497338,-0.05149377593360982
frr3_volume_absorption,1,15,2025,11,0.10330407640897943,0.45226865365961705,-0.31452466084136177
frr3_volume_absorption,1,20,2024,10,0.573380353010956,2.243989757206882,0.0
frr3_volume_absorption,1,20,2025,11,0.7737646505310698,1.345240304947896,-0.16556655240670115
frr3_volume_absorption,2,10,2024,10,-0.006140524744183695,-0.015673470313296894,-0.10427742855431132
frr3_volume_absorption,2,10,2025,11,0.10681403153105107,0.5156773766118969,-0.18563613316343552
frr3_volume_absorption,2,15,2024,10,0.25389880159540956,1.196112070718129,-0.0866129032258065
frr3_volume_absorption,2,15,2025,11,0.11158987368464235,0.45384211770041866,-0.27285339645657003
frr3_volume_absorption,2,20,2024,10,0.7055642654614798,2.2060217119443033,0.0
frr3_volume_absorption,2,20,2025,11,0.8983358539730648,1.3800375643953786,-0.18993421779581743
frr3_volume_absorption,3,10,2024,10,0.11896417001379289,0.9665524316501992,-0.0811482114652049
frr3_volume_absorption,3,10,2025,11,0.042419094238294264,0.28407688901240086,-0.20882149092240354
frr3_volume_absorption,3,15,2024,10,0.3859022213360439,1.63443891086686,-0.03292576419213966
frr3_volume_absorption,3,15,2025,11,-0.028105409934224834,0.09575610800461012,-0.25679718429438425
frr3_volume_absorption,3,20,2024,10,1.0470943071658376,1.9980839013288556,-0.05475982532751078
frr3_volume_absorption,3,20,2025,11,0.7167893387450603,1.407542208645328,-0.17617705647235038
frr5_conservative_liq100,1,10,2024,10,0.09986667413287598,0.5245549999247159,-0.14953240989569327
frr5_conservative_liq100,1,10,2025,11,-0.028975757747091824,-0.027869052259525028,-0.22709068417142741
frr5_conservative_liq100,1,15,2024,10,-0.10577333866819916,-0.29159973124038996,-0.24652091375747853
frr5_conservative_liq100,1,15,2025,11,0.1369780611970175,0.4686837308314769,-0.27708387516620014
frr5_conservative_liq100,1,20,2024,10,-0.09280243614343697,-0.6093876838755184,-0.18803276707691408
frr5_conservative_liq100,1,20,2025,11,0.5700019758606281,1.1190569049937371,-0.16556655240670115
frr5_conservative_liq100,2,10,2024,10,0.009080518784433167,0.1660016119006972,-0.22496538172590919
frr5_conservative_liq100,2,10,2025,11,0.20544692708030676,0.8533031767732112,-0.15131606119846153
frr5_conservative_liq100,2,15,2024,10,-0.20381424129942838,-1.1311005809054069,-0.2708343008758808
frr5_conservative_liq100,2,15,2025,11,0.19219409531677956,0.57602233380471,-0.21599449540287607
frr5_conservative_liq100,2,20,2024,10,-0.25717937688038695,-2.3578844565470476,-0.27183548081803544
frr5_conservative_liq100,2,20,2025,11,0.7229438933796266,1.2826460547344072,-0.18993421779581743
frr5_conservative_liq100,3,10,2024,10,0.16639638162289017,0.7197898500826745,-0.19541575595277394
frr5_conservative_liq100,3,10,2025,11,0.19511701282647476,0.7398348209816141,-0.1827400992622219
frr5_conservative_liq100,3,15,2024,10,-0.2013611905666356,-0.8364618159638314,-0.32742885781857034
frr5_conservative_liq100,3,15,2025,11,0.07761547801606583,0.3637217116079026,-0.2465324230019983
frr5_conservative_liq100,3,20,2024,10,-0.2008139108923418,-1.7213545957212961,-0.2384559455821389
frr5_conservative_liq100,3,20,2025,11,0.7053006254830425,1.3052714682432458,-0.11735420641155114
frr5_capacity_liq200,1,10,2024,10,-0.01663256075540065,-0.029751121619840094,-0.13396822704658518
frr5_capacity_liq200,1,10,2025,11,0.016529332516011186,0.18330867286761565,-0.22218853626009227
frr5_capacity_liq200,1,15,2024,10,-0.13547170424747768,-0.6658080182772044,-0.19253900949796476
frr5_capacity_liq200,1,15,2025,11,0.26070582718279267,0.6858106722062538,-0.27708387516620003
frr5_capacity_liq200,1,20,2024,10,-0.10110584564762881,-0.7390564129212023,-0.16549303445695884
frr5_capacity_liq200,1,20,2025,11,0.6353821566708195,1.214902264218869,-0.12038961038961038
frr5_capacity_liq200,2,10,2024,10,-0.08002414906763144,-0.42910048234827197,-0.15401222854733287
frr5_capacity_liq200,2,10,2025,11,0.17149543885853946,0.7397748108182163,-0.15131606119846142
frr5_capacity_liq200,2,15,2024,10,-0.20478849042472924,-1.2934372136651815,-0.23096077550404126
frr5_capacity_liq200,2,15,2025,11,0.316915423169821,0.7963655152282603,-0.21599449540287607
frr5_capacity_liq200,2,20,2024,10,-0.1905638487977187,-1.7616109218268112,-0.2065342997971662
frr5_capacity_liq200,2,20,2025,11,0.6717907947957236,1.2568147686001485,-0.14763564531689788
frr5_capacity_liq200,3,10,2024,10,-0.07693724505185373,-0.7619988225930825,-0.1255039071286026
frr5_capacity_liq200,3,10,2025,11,0.22511727118099745,0.8001043287465232,-0.1827400992622218
frr5_capacity_liq200,3,15,2024,10,-0.18864532316704918,-0.8950574971797977,-0.2727935034787893
frr5_capacity_liq200,3,15,2025,11,0.191981269237258,0.5758128786657873,-0.1872499458007485
frr5_capacity_liq200,3,20,2024,10,-0.14060926550006903,-1.348855059450439,-0.1810869668527747
frr5_capacity_liq200,3,20,2025,11,0.6205369006665207,1.2315039001435153,-0.10411958526513632
