variant,delay_trading_days,holding_days,cost,months_cash_counted,active_months,trades,avg_positions_all_months,total_return,ann_return,sharpe_cash_counted,mdd,monthly_win_rate,best_month,worst_month
frr1_basic_deleveraging,1,10,0.01,25,21,42,1.68,0.1097001876319299,0.051232348553456486,0.32163951078383707,-0.2203233999059152,0.44,0.17352281929193802,-0.12815522123838785
frr1_basic_deleveraging,1,15,0.01,25,21,42,1.68,0.27706718747896675,0.12455991315396098,0.4873167611188812,-0.27708387516620026,0.44,0.3562211645290472,-0.2141668998027669
frr1_basic_deleveraging,1,20,0.01,25,21,42,1.68,1.593917198755348,0.5801522438172375,1.2632526390951984,-0.18685019351385246,0.56,0.43698324597818766,-0.18685019351385249
frr1_basic_deleveraging,2,10,0.01,25,21,42,1.68,0.27748250908325045,0.12473544579793283,0.5810836961244015,-0.21335411919111014,0.48,0.15465970567094164,-0.13841555977229603
frr1_basic_deleveraging,2,15,0.01,25,21,42,1.68,0.18648513643481746,0.08554018493554394,0.3883107256050617,-0.23303056324125904,0.52,0.3601244656300837,-0.18687293555414997
frr1_basic_deleveraging,2,20,0.01,25,21,42,1.68,1.577126655856854,0.5752343233381811,1.1571799642931913,-0.275013150556886,0.56,0.46262891083115804,-0.19950742724849366
frr1_basic_deleveraging,3,10,0.01,25,21,42,1.68,0.5339862849678136,0.22798852578615936,0.8665025027600539,-0.15181966262456714,0.48,0.18359248972162057,-0.1000739041794088
frr1_basic_deleveraging,3,15,0.01,25,21,42,1.68,0.19770844809293897,0.09045697355874593,0.4114236327780621,-0.2720329439998468,0.52,0.2986004676285428,-0.19363483047746333
frr1_basic_deleveraging,3,20,0.01,25,21,42,1.68,1.8477241345193236,0.652566709013823,1.3198752611013058,-0.2225168155560323,0.52,0.38511913452180574,-0.13183402120558443
frr2_no_catch_falling_knife,1,10,0.01,25,18,36,1.44,0.28612674526215476,0.12838215520933605,0.6163516108221463,-0.20134390602484475,0.44,0.17352281929193802,-0.12815522123838785
frr2_no_catch_falling_knife,1,15,0.01,25,18,36,1.44,0.00663255137935459,0.0031781529905337003,0.16849025088236713,-0.27708387516620003,0.28,0.3562211645290472,-0.2141668998027669
frr2_no_catch_falling_knife,1,20,0.01,25,18,36,1.44,0.9035685882717301,0.36204950980054273,0.9373216484854697,-0.1796057693072025,0.44,0.43698324597818766,-0.1655665524067011
frr2_no_catch_falling_knife,2,10,0.01,25,18,36,1.44,0.42585548004981844,0.18564928673031833,0.7915455583732324,-0.20749829720965662,0.48,0.15465970567094164,-0.13841555977229603
frr2_no_catch_falling_knife,2,15,0.01,25,18,36,1.44,-0.03945645388067043,-0.019137371389037483,0.10573531940435417,-0.31320493615144673,0.4,0.3601244656300837,-0.18687293555414997
frr2_no_catch_falling_knife,2,20,0.01,25,18,36,1.44,0.9497784098030844,0.37782139227565636,0.8911402400556255,-0.2573965754903149,0.44,0.46262891083115804,-0.18993421779581737
frr2_no_catch_falling_knife,3,10,0.01,25,18,36,1.44,0.787061955792755,0.3213778194274164,1.176315837962065,-0.15181966262456703,0.44,0.18359248972162057,-0.1000739041794088
frr2_no_catch_falling_knife,3,15,0.01,25,18,36,1.44,0.0463493880292456,0.021985720698014966,0.22121773362624836,-0.25983334755784093,0.44,0.2986004676285428,-0.19363483047746333
frr2_no_catch_falling_knife,3,20,0.01,25,18,36,1.44,1.325530745864532,0.49944520982139506,1.1331527464653623,-0.17747551862852917,0.44,0.38511913452180574,-0.1277387449021261
frr3_volume_absorption,1,10,0.01,25,16,21,0.84,0.030920769440096585,0.01472448249983338,0.16558856187748708,-0.22939743045483285,0.2,0.14671719853875986,-0.09410580114343198
frr3_volume_absorption,1,15,0.01,25,16,21,0.84,0.40564602945570494,0.1775530066791433,0.7434790464395146,-0.31452466084136177,0.4,0.24839975686913762,-0.1231654114064753
frr3_volume_absorption,1,20,0.01,25,16,21,0.84,1.7908064520109304,0.6366290847231353,1.3913932670534537,-0.16556655240670115,0.48,0.3959912417632513,-0.1655665524067011
frr3_volume_absorption,2,10,0.01,25,16,21,0.84,0.10001761258322528,0.04681955447107655,0.32411224206259415,-0.1856361331634354,0.28,0.14384615384615373,-0.1321281265199053
frr3_volume_absorption,2,15,0.01,25,16,21,0.84,0.3938212104787655,0.1727876747783319,0.644219074390607,-0.27285339645657003,0.4,0.28363863352627405,-0.17850716398631783
frr3_volume_absorption,2,20,0.01,25,16,21,0.84,2.237733796380761,0.7575826084225945,1.4320291240980914,-0.18993421779581754,0.48,0.4448859380320054,-0.18993421779581737
frr3_volume_absorption,3,10,0.01,25,16,21,0.84,0.1664296165908823,0.07669351763292576,0.4422178344282881,-0.20882149092240376,0.36,0.15341463414634138,-0.1000739041794088
frr3_volume_absorption,3,15,0.01,25,16,21,0.84,0.34695087127664115,0.1536892413366855,0.6212100862820854,-0.25679718429438436,0.44,0.1811966987620357,-0.1682781580817716
frr3_volume_absorption,3,20,0.01,25,16,21,0.84,2.5144296819480156,0.8281437074794904,1.552820999832178,-0.1761770564723505,0.44,0.35451169188445664,-0.11735420641155125
frr5_conservative_liq100,1,10,0.01,25,17,29,1.16,0.06799720382910235,0.03208069698019811,0.24451859408396578,-0.2270906841714272,0.36,0.17352281929193802,-0.13396822704658523
frr5_conservative_liq100,1,15,0.01,25,17,29,1.16,0.01671609567171317,0.0079891456049761,0.1850156419642907,-0.29219207334310937,0.28,0.43642937212338606,-0.19253900949796476
frr5_conservative_liq100,1,20,0.01,25,17,29,1.16,0.42430196775075246,0.1850290467673512,0.6019092560781055,-0.20403733026929982,0.36,0.43092341777994636,-0.1655665524067011
frr5_conservative_liq100,2,10,0.01,25,17,29,1.16,0.21639301054529714,0.09858959065149842,0.4954259232206006,-0.22496538172590919,0.4,0.14773277034280397,-0.15401222854733293
frr5_conservative_liq100,2,15,0.01,25,17,29,1.16,-0.0507920397018683,-0.02471070259025554,0.09332273998682973,-0.32831022575095326,0.32,0.41316422653501317,-0.17850716398631783
frr5_conservative_liq100,2,20,0.01,25,17,29,1.16,0.2798382564803865,0.1257305241927793,0.4678682290241081,-0.3086106468122771,0.36,0.39557257972988313,-0.18993421779581737
frr5_conservative_liq100,3,10,0.01,25,17,29,1.16,0.39398015937675757,0.17285186933537022,0.6867604841498198,-0.19541575595277394,0.32,0.212423478161183,-0.1000739041794088
frr5_conservative_liq100,3,15,0.01,25,17,29,1.16,-0.13937445761028322,-0.0695118834797418,-0.01868201373023861,-0.3942815097275657,0.32,0.42083419312927506,-0.17046966731898244
frr5_conservative_liq100,3,20,0.01,25,17,29,1.16,0.36285253763263614,0.16020693274466224,0.5464015246272879,-0.2384559455821389,0.32,0.4223461602150127,-0.11735420641155125
frr5_capacity_liq200,1,10,0.01,25,14,22,0.88,-0.00037815336670832256,-0.0001815314658362155,0.09699691413529155,-0.22218853626009238,0.28,0.1956277056277056,-0.13396822704658523
frr5_capacity_liq200,1,15,0.01,25,14,22,0.88,0.08991586021961351,0.04219413961354679,0.2685604107396864,-0.27708387516620026,0.32,0.43642937212338606,-0.19253900949796476
frr5_capacity_liq200,1,20,0.01,25,14,22,0.88,0.4700354607635735,0.20314327894107786,0.6447686516978182,-0.20932336267160911,0.28,0.43092341777994636,-0.12038961038961037
frr5_capacity_liq200,2,10,0.01,25,14,22,0.88,0.07774751322727358,0.036592766957178835,0.2699504004217036,-0.15401222854733287,0.36,0.14384615384615373,-0.15401222854733293
frr5_capacity_liq200,2,15,0.01,25,14,22,0.88,0.047226301641829505,0.02239674883283116,0.2161509154365403,-0.25894932664014536,0.24,0.41316422653501317,-0.17850716398631783
frr5_capacity_liq200,2,20,0.01,25,14,22,0.88,0.3532079065548539,0.156258591573744,0.5403559490517371,-0.29534561526307956,0.28,0.39557257972988313,-0.14763564531689777
frr5_capacity_liq200,3,10,0.01,25,14,22,0.88,0.13086012347088682,0.06080673234553258,0.3563017061163833,-0.1827400992622218,0.24,0.212423478161183,-0.1000739041794088
frr5_capacity_liq200,3,15,0.01,25,14,22,0.88,-0.0328804225070739,-0.015919822274294892,0.11096387901472406,-0.3193297415211259,0.2,0.42083419312927506,-0.17046966731898244
frr5_capacity_liq200,3,20,0.01,25,14,22,0.88,0.3926743973480431,0.1723243994708259,0.587611717149366,-0.195012913490054,0.24,0.4223461602150127,-0.1041195852651363
